friedman_stat,p_value,kendalls_w,f_effect_size_observed,sample_size_needed_for_observed_effect,std_within_models,cohens_f_for_delta_0.5
2.8311688311688545,0.24278368541090464,0.07077922077922136,0.27599005440916696,130,0.3468193682160292,1.0194165118628842
